,Unnamed: 0,id,name,host_id,price,minimum_nights,maximum_nights,availability_365
0,0,36978719,Home in Alhambra · 1 bedroom · 1 bed · 1 bath,278008181,$90.00,6,90,0
1,1,930487087555321292,Home in La Puente · ★New · 1 bedroom · 1 bed · 3 baths,482579539,$35.00,1,10,0
2,2,942342470598573002,Home in Rowland Heights · ★New · 1 bedroom · 2 beds · 1 bath,495867643,$69.00,1,365,359
3,3,41240375,Condo in Los Angeles · 1 bedroom · 1 bed · 1.5 baths,21981097,$120.00,30,1125,361
4,4,632034182071149887,Condo in Beverly Hills · 2 bedrooms · 2 beds · 1.5 baths,232012515,$450.00,1,365,180
5,5,879899771279908543,Home in Castaic · ★4.75 · 5 bedrooms · 7 beds · 4.5 baths,327957587,"$1,400.00",7,10,238
6,6,906882865272179753,Home in Bell · 1 bedroom · 1 bed · 2 baths,390414536,$80.00,1,365,364
7,7,820743631455818246,Home in Los Angeles · 6 bedrooms · 3 beds · 3 baths,215263603,$180.00,30,365,365
8,8,15239926,Barn in Santa Clarita · ★4.99 · 1 bedroom · 1 bed · 1 bath,23778624,$201.00,2,30,87
9,9,624940096190408707,Rental unit in Inglewood · ★4.92 · 2 bedrooms · 3 beds · 1 bath,448843163,$105.00,31,1125,64
10,10,15452024,"Home in San Dimas, California, US · ★3.67 · 1 bedroom · 1 bed · 1 shared bath",61334137,$80.00,1,3,365
11,11,14821183,Home in Diamond Bar · 1 bedroom · 1 bed · 1 bath,84707009,$88.00,1,1125,0
12,12,9593699,Home in Altadena · 1 bedroom · 1 bed · 1 bath,7271092,$59.00,2,1125,0
13,13,38669959,Home in Los Angeles · 6 bedrooms · 20 beds · 2 shared baths,295028296,$35.00,31,1125,0
14,14,806026954826707114,Rental unit in Hawthorne · ★4.88 · 1 bedroom · 1 bed · 1 private bath,496178738,$68.00,1,365,0
15,15,18976122,Rental unit in Los Angeles · 1 bedroom · 1 bed · 1 shared bath,39301661,$60.00,30,1125,0
16,16,21189205,Rental unit in Los Angeles · 1 bedroom · 1 bed · 1 bath,153020699,$75.00,58,58,0
17,17,33965560,Villa in San Gabriel · 1 bedroom · 1 bed · 1 shared bath,256461417,$60.00,1,1125,0
18,18,26296415,Rental unit in Torrance · ★5.0 · 1 bedroom · 1 bed · 1 bath,150161677,$180.00,1,1125,0
19,19,22746714,Home in Arcadia · ★4.57 · 1 bedroom · 1 bed · 1 shared bath,159889373,$35.00,1,1125,0
20,20,37399802,Home in Los Angeles · Studio · 1 bed · 1 private bath,281933410,$20.00,30,1125,0
21,21,35899092,Rental unit in Los Angeles · 1 bedroom · 1 bed · 1 bath,198300524,$175.00,30,1125,0
22,22,32674831,Rental unit in Redondo Beach · 1 bedroom · 1 bed · 1 private bath,81742821,$67.00,2,1125,0
23,23,52144669,Rental unit in Los Angeles · 3 bedrooms · 3 beds · 2 baths,385575830,"$2,275.00",30,1125,0
24,24,37425562,Condo in West Hollywood · 1 bedroom · 1 bed · 1 private bath,188804670,$180.00,30,1125,0
25,25,885547637602760980,Home in El Monte · ★4.50 · 1 bedroom · 1 bed · 1.5 shared baths,160012982,$44.00,3,28,154
26,26,43371974,Condo in Los Angeles · 1 bedroom · 1 bed · 1 bath,191748895,$120.00,60,1125,0
27,27,36527337,Home in Long Beach · 1 bedroom · 1 bed · 1 bath,274611850,$80.00,31,1125,179
28,28,622305010540820278,Rental unit in Los Angeles · 2 bedrooms · 1 bed · 2 baths,251706106,$199.00,30,365,0
29,29,4709882,Rental unit in Los Angeles · 1 bedroom · 1 bed · 1 bath,7205712,$90.00,1,1125,0
30,30,6838116,Rental unit in Los Angeles · 1 bedroom · 1 bed · 1 bath,35834391,$210.00,30,1125,0
31,31,950337738915786335,Rental unit in Pasadena · ★New · 2 bedrooms · 3 beds · 2 baths,456862710,$188.00,1,365,69
32,32,8627948,Rental unit in Marina del Rey · 1 bedroom · 1 bed · 1.5 baths,5992350,$177.00,30,30,0
33,33,704526909414493422,Home in West Covina · 1 bedroom · 1 bed · 1 private bath,91600765,$65.00,1,1125,0
34,34,21965431,Home in Manhattan Beach · ★5.0 · 3 bedrooms · 3 beds · 2 baths,3750994,"$2,000.00",6,180,316
35,35,48984114,Guesthouse in Los Angeles · 1 bedroom · 2 beds · 1 bath,351845627,$114.00,30,365,178
36,36,46940076,Home in Los Angeles · 2 bedrooms · 1 bed · 1 bath,379315717,$175.00,30,60,0
37,37,654377509259951135,Villa in Los Angeles · 6 bedrooms · 1 bed · 10 baths,23458477,"$10,000.00",30,365,92
38,38,751583302598496507,Rental unit in Beverly Hills · 1 bedroom · 1 bed · 1 bath,484477694,$150.00,1,365,364
39,39,16349810,Rental unit in Los Angeles · ★5.0 · 1 bedroom · 1 bed · 2 baths,34660629,$70.00,30,1125,0
40,40,51503670,Home in Pomona · Studio · 1 bed · 1.5 shared baths,414598665,$40.00,31,365,0
41,41,45142812,Nature lodge in Avalon · 1 bedroom · 2 beds · 1 private bath,265213452,$286.00,2,28,246
42,42,983537,Rental unit in Los Angeles · 1 bedroom · 1 bed · 1 bath,5390998,$140.00,30,30,0
43,43,782049381581955388,Rental unit in Los Angeles · 1 bedroom · 1 bed · 1 bath,52677363,$113.00,30,1125,0
44,44,241906,Rental unit in Los Angeles · 1 bedroom,1242157,$200.00,30,760,0
45,45,25772359,Guesthouse in Los Angeles · ★4.95 · 1 bedroom · 1 bed · 1 bath,38207395,$125.00,30,30,114
46,46,52992116,Guest suite in Los Angeles · ★5.0 · 1 bedroom · 1 bed · 1 bath,832981,$200.00,2,30,0
47,47,16471274,Home in Los Angeles · 1 bedroom · 1 bed · 1 bath,3805065,$75.00,30,1125,0
48,48,11627811,Rental unit in Los Angeles · 1 bedroom · 1 bed · 1 bath,61605043,$60.00,30,1125,0
49,49,697392239790970881,Rental unit in Los Angeles · Studio · 1 bed · 1 bath,33249323,$75.00,31,40,364
50,50,18192495,Home in Los Angeles · 2 bedrooms · 2 beds · 2 baths,3953867,$250.00,30,1125,0
51,51,838367545317772656,Rental unit in Los Angeles · 3 bedrooms · 3 beds · 2 baths,481187016,$180.00,30,365,365
52,52,9632711,Rental unit in Los Angeles · ★4.58 · 1 bedroom · 1 bed · 2 baths,49299834,$250.00,30,1125,0
53,53,53529990,Home in Los Angeles · 3 bedrooms · 2 beds · 2 baths,13361994,$268.00,60,365,0
54,54,6389677,Rental unit in Los Angeles · ★5.0 · Studio · 1 bed · 1 bath,24598375,$72.00,30,1125,0
55,55,935572465927308219,Hotel in Torrance · ★New · 1 bedroom · 1 bed · 1 bath,174792040,"$1,263.00",1,365,0
56,56,13729692,Rental unit in Los Angeles · 1 bedroom · 1 bed · 1 shared bath,52315128,$40.00,30,1125,0
57,57,12230474,Home in Santa Monica · ★5.0 · 3 bedrooms · 4 beds · 1 bath,7380578,$250.00,7,70,0
58,58,798020136962308080,Rental unit in El Segundo · 1 bedroom · 2 beds · 1 bath,33888167,$134.00,31,365,307
59,59,13442656,Townhouse in Lakewood · 3 bedrooms · 3 beds · 2.5 baths,56867523,$147.00,1,1125,0
60,60,934944907649396399,Rental unit in Los Angeles · ★New · 1 bedroom · 1 bed · 1 bath,504528690,$125.00,30,365,326
61,61,9005332,Home in Venice · ★5.0 · 4 bedrooms · 4 beds · 3 baths,21458609,"$1,000.00",30,1125,299
62,62,548694126263063401,Rental unit in Santa Monica · ★4.84 · 1 bedroom · 2 beds · 1 bath,431185636,$207.00,4,1125,315
63,63,13642174,Rental unit in Los Angeles · ★4.67 · 1 bedroom · 2 beds · 1 bath,7027528,$120.00,30,40,0
64,64,12471015,Rental unit in Los Angeles · 2 bedrooms · 2 beds · 1.5 baths,1310266,$150.00,30,90,0
65,65,27726050,Home in Los Angeles · Studio · 1 bed · 1 private bath,209323229,$69.00,30,30,0
66,66,9798435,Rental unit in Los Angeles · ★5.0 · 2 bedrooms · 2 beds · 2 baths,44792103,$200.00,30,1125,0
67,67,16238845,Guesthouse in Burbank · ★4.94 · 1 bedroom · 1 bed · 1 bath,68437493,$45.00,30,1125,0
68,68,23521253,Rental unit in Los Angeles · 2 bedrooms · 2 beds · 2 baths,15931063,$220.00,30,1125,0
69,69,28462472,Home in Topanga · 2 bedrooms · 2 beds · 2 baths,67470756,$350.00,1,1125,0
70,70,22892397,Place to stay in Los Angeles · 1 bedroom · 1 bed · 1 bath,169436070,$120.00,1,1,0
71,71,871133768888314667,Home in Pasadena · ★4.92 · 3 bedrooms · 4 beds · 3.5 baths,508776081,$308.00,2,365,0
72,72,45237980,Rental unit in Los Angeles · 1 bedroom · 1 bed · 1 bath,31464866,$125.00,30,90,0
73,73,31163343,Townhouse in Hawthorne · 1 bedroom · 1 bed · 1 shared bath,232927931,$90.00,1,1125,0
74,74,39802307,Rental unit in Los Angeles · 1 bedroom · 1 bed · 1 shared bath,91551592,$70.00,30,31,0
75,75,43212824,Boutique hotel in West Hollywood · Studio · 1 bed · 1 bath,342075388,$363.00,1,28,0
76,76,50727241,Home in Los Angeles · ★4.80 · 1 bedroom · 1 bed · 2 shared baths,209743834,$40.00,31,31,365
77,77,45545214,Home in West Covina · 2 bedrooms · 3 beds · 2 shared baths,368761445,$64.00,1,1,0
78,78,44681141,Condo in Los Angeles · 2 bedrooms · 2 beds · 2 baths,18357229,$95.00,90,365,0
79,79,46738830,Rental unit in Los Angeles · Studio · 1 bed · 1 bath,29981291,$100.00,30,365,0
80,80,15275639,Rental unit in Los Angeles · ★4.50 · 1 bedroom · 1 bed · 1 private bath,20734082,$56.00,30,1125,0
81,81,45819674,Rental unit in Los Angeles · ★4.78 · 1 bedroom · 1 bed · 2 shared baths,194417756,$40.00,120,1125,94
82,82,54147369,Home in Inglewood · 3 bedrooms · 4 beds · 3.5 baths,162843315,"$1,200.00",31,365,0
83,83,506460589692228331,Vacation home in Los Angeles · 2 bedrooms · 2 beds · 2 baths,24739186,$450.00,30,60,0
84,84,6064790,Home in Los Angeles · Studio · 1 bed · 1 bath,21534653,$120.00,30,1125,0
85,85,49505674,Home in Glendora · 1 bedroom · 1 bed · 1 private bath,188392455,$90.00,1,30,0
86,86,15372751,Rental unit in Los Angeles · ★0.0 · 1 bedroom · 1 bed · 1 bath,4676476,$100.00,30,1125,0
87,87,781074906072616994,Tiny home in Castaic · ★4.88 · 1 bedroom · 2 beds · 1 bath,182232906,$104.00,1,365,259
88,88,745028483672572911,Rental unit in Beverly Hills · 1 bedroom · 1 bed · 1 bath,484275960,$150.00,1,28,364
89,89,16133252,Rental unit in Los Angeles · ★4.83 · 1 bedroom · 1 bed · 1 bath,232651,$55.00,30,1125,0
90,90,23207789,Home in Lomita · 1 bedroom · 1 bed · 1 shared bath,94970010,$60.00,1,4,0
91,91,23580657,Home in Los Angeles · ★4.83 · 1 bedroom · 1 bed · 2.5 shared baths,173872233,$30.00,30,1125,0
92,92,21029299,Rental unit in West Hollywood · 1 bedroom · 1 bed · 1 bath,151460628,$180.00,7,1125,0
93,93,22491805,Home in Inglewood · 1 bedroom · 1 bed · 1 shared bath,64310509,$60.00,31,1125,0
94,94,21125846,Home in La Cañada Flintridge · 1 bedroom · 1 bed · 1 private bath,152383261,$150.00,1,1125,0
95,95,34024680,Home in Lancaster · ★4.63 · 1 bedroom · 1 bed · 1.5 shared baths,136486644,$37.00,7,90,138
96,96,23370802,Rental unit in Long Beach · Studio · 1 bed · 1 bath,70233166,$75.00,31,1125,0
97,97,33264944,Home in Gardena · ★4.97 · 1 bedroom · 2 beds · 1 shared bath,445110612,$80.00,2,28,0
98,98,19576991,Rental unit in Los Angeles · Studio · 2 beds · 1 bath,18308009,$110.00,30,30,0
99,99,21324464,Rental unit in Los Angeles · ★4.85 · Studio · 2 beds · 1 bath,44290147,$70.00,30,30,0
100,100,22021502,Loft in Cudahy · 1 bedroom · 1 bed · 1 shared bath,83436388,$14.00,1,5,0
101,101,18950603,Home in Beverly Hills · 3 bedrooms · 5 beds · 3.5 baths,132130173,$800.00,7,8,0
102,102,24352977,Home in Temple City · 1 bedroom · 1 bed · 1 private bath,10849891,$49.00,60,1125,0
103,103,19036744,Guest suite in Topanga · ★4.82 · 1 bedroom · 2 beds · 1 bath,88380923,$125.00,2,1125,178
104,104,14222061,Home in Long Beach · 1 bedroom · 1 bed · 1 bath,86413741,$280.00,31,1125,0
105,105,19951592,Rental unit in Los Angeles · ★4.95 · 1 bedroom · 1 bed · 1 private bath,24563544,$79.00,30,1125,0
106,106,26599664,Rental unit in Los Angeles · 1 bedroom · 2 beds · 1 private bath,184906187,$100.00,30,1125,0
107,107,24556851,Rental unit in Los Angeles · ★4.56 · Studio · 1 bed · 1 bath,35233243,$80.00,90,180,0
108,108,24875960,Condo in Carson · ★4.20 · 1 bedroom · 1 bed · 1.5 shared baths,27343875,$45.00,2,1125,0
109,109,27521745,Rental unit in Los Angeles · Studio · 1 bed · 1 bath,43340898,$80.00,30,1125,0
110,110,26541854,Condo in Los Angeles · ★4.46 · 1 bedroom · 1 bed · 1 bath,11163982,$95.00,30,1125,0
111,111,29360620,Rental unit in Santa Monica · 1 bedroom · 1 bed · 1 bath,4835856,$75.00,30,45,0
112,112,27519929,Home in Los Angeles · 1 bedroom · 1 bed · 1 shared bath,57655243,$45.00,30,1125,0
113,113,28955299,Townhouse in Los Angeles · 1 bedroom · 1 bed · 1 shared bath,218255111,$51.00,30,30,0
114,114,29757149,Home in Carson · 1 bedroom · 1 bed · 1.5 baths,223874236,$49.00,1,5,0
115,115,947846,Rental unit in Los Angeles · 1 bedroom · 1 bed · 1 bath,4418650,$130.00,30,90,0
116,116,893786,Rental unit in Venice  · ★4.97 · 2 bedrooms · 3 beds · 1 bath,2344764,$399.00,30,180,19
117,117,33962042,Condo in Los Angeles · ★4.81 · 1 bedroom · 1 bed · 1 bath,230447632,$90.00,30,1125,0
118,118,30442829,Home in Los Angeles · 1 bedroom · 1 bed · 1 private bath,210410099,$200.00,30,1125,0
119,119,878728880204363118,Rental unit in Palmdale · Studio · 1 bed · 1 bath,511502535,$999.00,1,365,0
120,120,782235817369245363,Rental unit in Los Angeles · 3 bedrooms · 4 beds · 2 baths,490835617,$137.00,2,365,94
121,121,34055810,Rental unit in Los Angeles · 1 bedroom · 2 beds · 1 shared bath,47698426,$96.00,30,90,0
122,122,2361622,Rental unit in Los Angeles · 1 bedroom · 1 bed · 1 bath,3301832,$145.00,30,1125,0
123,123,31212151,Condo in West Hollywood · ★4.83 · 1 bedroom · 2 beds · 1 bath,9215571,$125.00,3,21,0
124,124,31331753,Condo in Carson · ★5.0 · 1 bedroom · 2 beds · 1.5 baths,124323757,$71.00,30,1125,0
125,125,3464878,Rental unit in Los Angeles · Studio · 1 bed · 1 bath,17466265,$110.00,30,1125,0
126,126,954427834586300960,Rental unit in Los Angeles · ★New · 2 bedrooms · 2 beds · 1 bath,383281375,$840.00,30,365,193
127,127,37489648,Guest suite in Los Angeles · ★4.91 · 1 bedroom · 1 bed · 1 bath,24490171,$55.00,2,30,0
128,128,902375635218301482,Townhouse in Beverly Hills · ★5.0 · 3 bedrooms · 3 beds · 2.5 baths,423563133,$400.00,4,60,147
129,129,4242301,Rental unit in Los Angeles · 1 bedroom · 1 bed · Shared half-bath,22013603,$100.00,30,1125,0
130,130,771352607689735027,Home in Hawthorne · 3 bedrooms · 5 beds · 2 baths,54878477,$363.00,1,1125,45
131,131,40712167,Condo in Lawndale · ★4.95 · 1 bedroom · 1 bed · 1 private bath,43038816,$101.00,2,29,160
132,132,37389140,Rental unit in Los Angeles · 1 bedroom · 1 bed · 1 bath,58522668,$45.00,30,1125,0
133,133,37811276,Home in Altadena · 1 bedroom · 2 beds · 1 shared bath,286180745,$100.00,1,1125,0
134,134,744198027322175942,Townhouse in West Hollywood · ★4.50 · 3 bedrooms · 3 beds · 3.5 baths,13992754,$231.00,30,1125,337
135,135,39864352,Rental unit in Los Angeles · 2 bedrooms · 3 beds · 1 bath,13107925,$133.00,30,1125,0
136,136,787100184194286186,Home in Rowland Heights · ★3.79 · 1 bedroom · 1 bed · 2 shared baths,482579539,$36.00,1,20,0
137,137,42339902,Rental unit in Long Beach · 1 bedroom · 1 bed · 1 bath,40341370,$75.00,130,1125,0
138,138,739851196147835650,Guesthouse in Los Angeles · ★New · 1 bedroom · 1 bed · 1 bath,18369218,$200.00,30,1125,364
139,139,6416056,Home in Topanga · 1 bedroom · 1 bed · 1 bath,33467826,$50.00,1,1125,0
140,140,33470243,Bungalow in Rowland Heights · Studio · 1 bed · 1 private bath,171396048,$59.00,1,1125,0
141,141,47408913,Camper/RV in Whittier · ★4.67 · 1 bedroom · 1 bed · 1 bath,135578965,$55.00,20,60,0
142,142,4613365,Rental unit in Los Angeles · 1 bedroom · 1 bed · 1 shared bath,22197219,$200.00,30,1125,0
143,143,42331295,Home in Malibu · ★4.76 · 1 bedroom · 3 beds · 1.5 baths,324653379,$672.00,3,29,0
144,144,40642390,Townhouse in Diamond Bar · ★4.0 · 2 bedrooms · 2 beds · 2 shared baths,314925336,$85.00,1,99,0
145,145,53307761,Rental unit in Los Angeles · 1 bedroom · 1 bed · 1 shared bath,431574016,$38.00,30,30,0
146,146,42437833,Rental unit in Los Angeles · 1 bedroom · 1 bed · 1.5 baths,168416,$68.00,30,90,0
147,147,42210006,Rental unit in Los Angeles · ★4.86 · Studio · 1 bath,88811292,$125.00,30,1125,0
148,148,14730146,Condo in Long Beach · 1 bedroom · 1 bed · 1 bath,91718737,$199.00,31,1125,0
149,149,8654052,Home in Venice · 1 bedroom · 2 beds · 2 baths,4957288,$200.00,30,1125,0
150,150,676317288951048979,Rental unit in Monterey Park · ★5.0 · 1 bedroom · 1 bed · 1 shared bath,466652688,$58.00,2,365,0
151,151,954433560253583787,Rental unit in Los Angeles · ★New · Studio · 1 bed · 1 bath,383281375,$720.00,30,365,194
152,152,8613137,Rental unit in West Hollywood · 1 bedroom · 1 bed · 2 baths,720038,$500.00,1,1125,0
153,153,45814091,Guest suite in Malibu · ★4.96 · Studio · 1 bed · 1 bath,58047129,$168.00,2,1125,150
154,154,42564100,Home in West Covina · 1 bedroom · 1 bath,104847537,$26.00,1,27,0
155,155,921829058300050728,Home in Vernon · 1 bedroom · 1 bed · 1 bath,390414536,$65.00,1,365,365
156,156,1557272,Home in San Fernando · ★4.76 · 1 bedroom · 1 bed · 1 private bath,8289317,$99.00,3,1125,255
157,157,42892936,Rental unit in Los Angeles · 2 bedrooms · 3 beds · 2 baths,174285643,$100.00,30,90,0
158,158,748159669244759933,Guest suite in Artesia · 1 bedroom · 1 bed · 1 private bath,303039123,$155.00,1,365,358
159,159,958245806568072338,Home in Walnut · ★New · 1 bedroom · 1 bed · 0 shared baths,531912869,$95.00,7,365,219
160,160,43467648,Condo in Santa Monica · 2 bedrooms · 2 beds · 1 bath,2700630,$421.00,30,150,0
161,161,966352538148921938,Home in Palmdale · ★New · 1 bedroom · 1 bed · 1 shared bath,12568111,$51.00,1,28,269
162,162,8195580,Rental unit in South Pasadena · ★4.80 · 1 bedroom · 1 bed · 1 bath,6325688,$60.00,2,3,0
163,163,43680843,Townhouse in Los Angeles · ★5.0 · 2 bedrooms · 2 beds · 2 baths,348745371,$154.00,30,1125,357
164,164,935447545460612709,Home in Malibu · ★New · 6 bedrooms · 12 beds · 6.5 baths,405136884,"$2,599.00",1,365,361
165,165,772643543984570617,Rental unit in Los Angeles · 2 bedrooms · 2 beds · 2 baths,188042488,$120.00,30,365,243
166,166,21067735,Bungalow in Lake Balboa · ★4.82 · 2 bedrooms · 2 beds · 1 bath,80084882,$290.00,2,30,345
167,167,861757389412733300,Home in Los Angeles · ★5.0 · 1 bedroom · 1 bed · 1 private bath,1304699,$89.00,2,28,61
168,168,49990550,Guesthouse in Rancho Palos Verdes · ★5.0 · Studio · 1 bed · 1 bath,130169975,$215.00,2,1125,195
169,169,39151040,Townhouse in Walnut · ★4.94 · 4 bedrooms · 4 beds · 3.5 baths,79146654,$500.00,1,1125,34
170,170,54023695,Home in Los Angeles · 5 bedrooms · 5 beds · 8 baths,101642970,"$1,850.00",30,270,365
171,171,846361946637815724,Hotel in Hermosa Beach · ★4.80 · 1 bedroom · 1 bed · 1 private bath,105630569,$172.00,1,365,281
172,172,845086271692329775,Rental unit in Alhambra · ★5.0 · 1 bedroom · 2 beds · 1.5 baths,423744462,$62.00,2,90,349
173,173,830426970712761638,Home in Diamond Bar · 4 bedrooms · 4 beds · 2 baths,501817287,$321.00,31,183,152
174,174,15021484,Home in Monterey Park · ★4.57 · 1 bedroom · 1 bed · 2 shared baths,56731063,$45.00,31,1125,169
175,175,29358803,Home in Calabasas · ★4.75 · 4 bedrooms · 5 beds · 2.5 baths,464645725,$650.00,3,365,343
176,176,52079606,Home in Claremont · ★New · 4 bedrooms · 6 beds · 2 baths,319109908,$413.00,4,1125,341
177,177,817309083252697088,Cabin in Valyermo · 9 bedrooms · 50 beds · 9.5 baths,496674605,"$1,481.00",2,365,360
178,178,1537377,Home in Monrovia · ★4.71 · 3 bedrooms · 3 beds · 3 baths,975343,$350.00,3,14,253
179,179,24595809,Home in Los Angeles · ★4.94 · 2 bedrooms · 3 beds · 1 bath,20864923,$242.00,3,90,102
180,180,23545967,Guest suite in Los Angeles · ★4.51 · 1 bedroom · 4 beds · 1.5 shared baths,96220702,$19.00,30,365,346
181,181,918903710844911868,Guesthouse in Long Beach · ★5.0 · 1 bedroom · 1 bed · 1 bath,247142928,$120.00,1,1125,228
182,182,964700012717061917,Home in El Monte · ★New · 1 bedroom · 2 beds · 2 baths,529355028,$62.00,1,365,260
183,183,33942101,Home in La Habra Heights · ★4.97 · 1 bedroom · 1 bed · 1 private bath,179166975,$102.00,2,1125,210
184,184,51270052,Rental unit in Los Angeles · 1 bedroom · 3 beds · 1 bath,414967936,$150.00,30,365,364
185,185,563773945519286048,Home in Beverly Hills · ★5.0 · 4 bedrooms · 4 beds · 3 baths,24303784,"$1,291.00",1,365,364
186,186,771215365153728846,Home in Los Angeles · ★5.0 · 3 bedrooms · 3 beds · 2 baths,143914096,$299.00,30,365,364
187,187,53215522,Home in Los Angeles · ★4.93 · 3 bedrooms · 4 beds · 2 baths,21303728,$452.00,2,1125,231
188,188,571781101681291308,Home in Torrance · 3 bedrooms · 3 beds · 3 baths,348745371,$160.00,30,1125,297
189,189,716072005118645743,Guesthouse in Los Angeles · 1 bedroom · 1 bed · 1 bath,50925157,$75.00,30,1125,308
190,190,929481606127756205,Home in Glendale · ★New · 5 bedrooms · 5 beds · 5 baths,132717219,"$2,000.00",1,365,269
191,191,33687807,Home in Lancaster · 1 bedroom · 1 bed · 1 shared bath,22172560,$32.00,14,1125,177
192,192,16131680,Home in Los Angeles · ★4.70 · 1 bedroom · 2 beds · 1.5 shared baths,1381694,$75.00,30,1125,365
193,193,550871728847091126,Camper/RV in Torrance · ★4.93 · 1 bedroom · 1 bed · 1 bath,182322942,$76.00,1,10,349
194,194,45268962,Guest suite in Baldwin Park · ★4.61 · 1 bedroom · 1 bed · 1 bath,365502524,$63.00,2,1125,231
195,195,50422473,Campsite in Pearblossom · 1 bedroom · 1 bed · Half-bath,203383220,$102.00,2,30,364
196,196,787892753273741005,Home in Palmdale · ★4.80 · 1 bedroom · 1 bed · 1 shared bath,487346831,$40.00,1,1125,89
197,197,969148637126091185,Home in Lancaster · ★New · 1 bedroom · 1 bed · 1 bath,534598147,$160.00,1,365,269
198,198,944636517393409500,Home in Baldwin Park · ★4.83 · 1 bedroom · 1 bed · 1 bath,322479668,$72.00,1,365,227
199,199,675475041389543603,Home in San Gabriel · ★4.17 · 3 bedrooms · 3 beds · 1.5 baths,470644787,$144.00,2,28,325
200,200,16599778,Home in Altadena · ★4.98 · 1 bedroom · 1 bed · 1 private bath,9756899,$135.00,2,29,24
201,201,10035675,Guesthouse in Altadena · ★4.84 · 1 bedroom · 2 beds · 1 bath,206011749,$140.00,3,29,218
202,202,21008223,Home in Altadena · ★4.89 · 3 bedrooms · 4 beds · 2 baths,149617420,$721.00,2,1125,255
203,203,51728900,Home in Los Angeles · 5 bedrooms · 6 beds · 4.5 baths,419073286,$490.00,30,1125,354
204,204,47945047,Home in Malibu · ★4.96 · 4 bedrooms · 4 beds · 3.5 baths,16531699,$971.00,3,60,104
205,205,863863921226598745,Home in Azusa · ★New · 1 bedroom · 1 bed · 2 baths,230809960,$44.00,1,365,269
206,206,734370747996283800,Camper/RV in Los Angeles County · ★4.50 · 1 bedroom · 1 bed · 1 bath,6633997,$67.00,1,5,364
207,207,954408712802061145,Rental unit in Los Angeles · ★New · 2 bedrooms · 2 beds · 2 baths,383281375,"$1,100.00",30,365,175
208,208,35804916,Home in Los Angeles · ★5.0 · 4 bedrooms · 4 beds · 4 baths,9075429,"$1,993.00",31,100,365
209,209,608878140902499264,Home in La Puente · 1 bedroom · 1 bed · 1 shared bath,450057617,$110.00,1,1125,288
210,210,52429395,Home in El Monte · ★4.53 · Studio · 1 bed · 1 bath,365502524,$79.00,2,1125,216
211,211,763715986202236281,Home in Long Beach · 3 bedrooms · 3 beds · 2 baths,460753039,$293.00,2,1125,245
212,212,39225902,Boutique hotel in Lakewood · ★4.32 · 1 bedroom · 1 bed · 1 private bath,287155677,$178.00,1,365,364
213,213,930088201852895725,Home in Diamond Bar · ★New · 1 bedroom · 1 bed · 1.5 baths,396163985,$160.00,30,365,269
214,214,46106743,Home in Malibu · ★5.0 · 4 bedrooms · 4 beds · 3.5 baths,14898804,"$1,500.00",3,31,319
215,215,54009019,Home in Los Angeles · 5 bedrooms · 5 beds · 3 baths,376068249,$450.00,30,365,365
216,216,35306067,Home in Santa Clarita · ★4.93 · 1 bedroom · 1 bed · 1 private bath,265815679,$133.00,2,1125,172
217,217,27751919,Home in Malibu · ★4.98 · 3 bedrooms · 3 beds · 2 baths,30444275,$497.00,2,1125,144
218,218,954446125138413942,Rental unit in Los Angeles · ★New · Studio · 1 bed · 1 bath,383281375,$720.00,30,365,194
219,219,939748012625698841,Home in Norwalk · ★New · 1 bedroom · 1 bed · 1 bath,506442071,$102.00,1,365,89
220,220,873391214808763717,Home in Pasadena · ★4.75 · 2 bedrooms · 2 beds · 1 private bath,101732029,$138.00,2,365,352
221,221,53484515,Vacation home in Pico Rivera · ★4.92 · 1 bedroom · 1 bed · 1 bath,104721202,$150.00,1,1125,354
222,222,922083125909968760,Home in Glendora · ★New · 4 bedrooms · 4 beds · 3 baths,126824075,$217.00,29,365,348
223,223,613381216889019478,Bungalow in Arcadia · 4 bedrooms · 5 beds · 4.5 baths,23722312,$220.00,30,180,36
224,224,779853824937634226,Home in Whittier · ★4.96 · 2 bedrooms · 3 beds · 1 bath,242956513,$175.00,3,28,308
225,225,694159825048448638,Home in Calabasas · ★4.88 · 5 bedrooms · 5 beds · 3 baths,191464,$382.00,2,365,357
226,226,24695966,Home in Gardena · ★4.83 · 1 bedroom · 1 bed · 1 shared bath,183017262,$39.00,2,1125,49
227,227,745076262329613463,Home in Montclair · ★4.73 · 4 bedrooms · 4 beds · 2 baths,8595758,$241.00,1,28,338
228,228,586956250944259420,Home in Downey · ★4.87 · 1 bedroom · 1 bed · 1 private bath,450467456,$94.00,1,28,309
229,229,810972266921788887,Home in Rosemead · ★5.0 · 1 bedroom · 2 beds · 2 shared baths,426946658,$53.00,1,365,364
230,230,858857480641496981,Home in Pasadena · ★4.75 · 3 bedrooms · 4 beds · 2 baths,8595758,$201.00,1,28,362
231,231,784057724083865694,Home in Alhambra · ★4.81 · 2 bedrooms · 3 beds · 1 bath,463474861,$141.00,1,29,67
232,232,906905129980873135,Home in South Gate · 1 bedroom · 1 bed · 1 bath,390414536,$80.00,1,365,364
233,233,916051744700010321,Home in Torrance · 3 bedrooms · 3 beds · 2 baths,32794637,$250.00,7,365,251
234,234,16291634,Villa in Beverly Hills · ★5.0 · 6 bedrooms · 6 beds · 9 baths,43052234,"$7,500.00",2,1000,365
235,235,840339953132319310,Townhouse in Covina · 1 bedroom · 1 bed · 1 private bath,502706350,$99.00,1,365,337
236,236,52013676,Guesthouse in Azusa · ★4.98 · 1 bedroom · 3 beds · 1 bath,91479289,$138.00,3,1125,361
237,237,53617417,Home in Los Angeles · ★4.50 · 1 bedroom · 2 beds · 1 bath,110393389,$90.00,30,365,182
238,238,849967820482296372,Home in West Covina · 3 bedrooms · 3 beds · 2 baths,432956623,$154.00,1,365,364
239,239,2250557,Rental unit in Los Angeles · ★4.71 · 1 bedroom · 1 bed · 1 bath,11494901,$85.00,30,1125,365
240,240,708031926687303495,Camper/RV in Bell · ★4.97 · 1 bed · 1 bath,367239952,$95.00,1,13,118
241,241,820342441427516443,Home in Malibu · 4 bedrooms · 4 beds · 2.5 baths,66458695,$866.00,7,30,89
242,242,22355190,Home in Los Angeles · ★5.0 · 4 bedrooms · 5 beds · 3.5 baths,163463758,$657.00,3,365,87
243,243,798034243221518145,Home in Vernon · 1 bedroom · 1 bed · 1 private bath,390414536,$85.00,1,365,365
244,244,35769363,Guesthouse in Santa Monica · ★4.91 · 1 bedroom · 1 bed · 1 bath,16503189,$275.00,3,31,324
245,245,807853905177847526,Rental unit in Vernon · ★5.0 · 2 bedrooms · 2 beds · 2 baths,106421421,$382.00,1,365,92
246,246,620798589904840409,Home in Santa Monica · 4 bedrooms · 5 beds · 2 baths,456018609,$611.00,30,1125,364
247,247,971187682248773028,Rental unit in Los Angeles · ★New · 2 bedrooms · 2 beds · 2 baths,30480376,$358.00,3,365,270
248,248,53710684,Rental unit in Los Angeles · 2 bedrooms · 2 beds · 1 bath,196650158,$101.00,30,1125,324
249,249,955864002239262953,Rental unit in Los Angeles · ★New · 2 bedrooms · 1 bed · 1 bath,383281375,$950.00,45,365,62
250,250,43962424,Loft in Los Angeles · 1 bedroom · 1 bed · 1 bath,154855781,$150.00,30,30,363
251,251,53865489,Guesthouse in Burbank · ★5.0 · 1 bedroom · 2 beds · 1 bath,436317831,$189.00,3,28,212
252,252,50363534,Rental unit in View Park-Windsor Hills · ★4.79 · Studio · 1 bed · 1 bath,12102385,$108.00,1,365,364
253,253,572375759854775028,Rental unit in Los Angeles · 1 bedroom · 1 bed · 1 bath,88999697,$120.00,30,360,155
254,254,47201512,Home in Manhattan Beach · 3 bedrooms · 4 beds · 3 baths,57884339,$275.00,30,1125,144
255,255,948816830288428603,Home in Long Beach · ★New · 4 bedrooms · 5 beds · 2 baths,154766860,$322.00,1,1125,235
256,256,954806527816496854,Rental unit in Los Angeles · ★New · 1 bedroom · 1 bed · 1 bath,383281375,"$1,200.00",30,365,216
257,257,600945948186679668,Rental unit in Los Angeles · ★4.64 · 1 bedroom · 2 beds · 1 bath,214551398,$150.00,1,365,365
258,258,52936720,Hotel in Hawthorne · 1 bedroom · 1 bed · 1 private bath,428553380,$900.00,1,365,180
259,259,749588430953835914,Home in Los Angeles · 1 bedroom · 1 bed · 1 shared bath,423956351,$22.00,30,365,341
260,260,39614803,Guest suite in Culver City · ★4.76 · 1 bedroom · 1 bed · 1 bath,304404827,$140.00,2,1125,313
261,261,960229474326477630,Hotel in Redondo Beach · ★New · 4 bedrooms · 8 beds · 4 baths,501999514,"$1,022.00",1,365,341
262,262,894446076302444972,Rental unit in West Hollywood · ★5.0 · 2 bedrooms · 2 beds · 2 baths,463351441,$218.00,1,25,226
263,263,823876018591765321,Rental unit in Los Angeles · 5 bedrooms · 1 bed · 1 shared bath,46988513,$49.00,30,365,365
264,264,597326203757944822,Condo in Woodland Hills · 2 bedrooms · 2 beds · 2 baths,40163894,$124.00,31,365,365
265,265,955908734389848982,Rental unit in Los Angeles · ★New · 1 bedroom · 1 bed · 1 bath,383281375,$950.00,40,365,71
266,266,634146700124603782,Villa in Beverly Hills · 5 bedrooms · 5 beds · 4.5 baths,23458477,"$4,000.00",3,365,292
267,267,617673191184333751,Rental unit in Los Angeles · 2 bedrooms · 2 beds · 1 bath,445693122,$65.00,30,365,365
268,268,744430106569323244,Townhouse in Los Angeles · 1 bedroom · 1 bed · 1 bath,484830479,$150.00,30,365,365
269,269,45880113,Guesthouse in Topanga · ★4.95 · 1 bedroom · 1 bed · 1 bath,76201653,$143.00,2,365,365
270,270,888698614850309079,Home in Los Angeles · ★4.44 · 1 bedroom · 1 bed · 3 baths,49957375,$54.00,1,365,78
271,271,37138604,Rental unit in Los Angeles · 1 bedroom · 1 bed · 1 bath,107434423,$177.00,31,1125,323
272,272,41343463,Rental unit in El Segundo · ★4.50 · 1 bedroom · 2 beds · 1 shared bath,2503251,$60.00,31,1125,365
273,273,883858013541995661,Rental unit in Los Angeles · 1 bedroom · 1 bed · 1 bath,107434423,$192.00,31,1125,303
274,274,954720958157224619,Rental unit in Los Angeles · ★New · 1 bedroom · 1 bed · 1 bath,383281375,"$1,200.00",30,365,216
275,275,670104684798579279,Condo in Los Angeles · 2 bedrooms · 3 beds · 2 baths,469244855,$323.00,1,365,365
276,276,26818348,Guesthouse in Los Angeles · ★4.89 · 1 bedroom · 1 bed · 1 bath,190044727,$579.00,3,1125,362
277,277,1164281,Townhouse in Redondo Beach · ★4.89 · 3 bedrooms · 3 beds · 3 baths,6378114,$525.00,3,7,102
278,278,619364758132642645,Guest suite in Pasadena · ★4.82 · 3 bedrooms · 3 beds · 1.5 baths,145255025,$152.00,1,28,353
279,279,767515007326911747,Rental unit in Los Angeles · Studio · 1 bed · 1 private bath,265509122,$89.00,30,365,365
280,280,686500281770375274,Rental unit in Long Beach · 1 bedroom · 1 bed · 1 bath,44310210,$119.00,31,365,246
281,281,50048287,Guesthouse in San Gabriel · ★4.88 · 1 bedroom · 1 bed · 1 bath,64165193,$110.00,3,28,241
282,282,684456142014677185,Rental unit in Long Beach · 1 bedroom · 1 bed · 1 bath,107434423,$225.00,31,1125,329
283,283,796539867541537730,Rental unit in Lawndale · ★3.50 · Studio · 1 bed · 1 bath,479654437,$69.00,3,365,346
284,284,35428785,Condo in Alhambra · ★4.86 · 3 bedrooms · 7 beds · 2 baths,23524402,$180.00,3,28,166
285,285,777867543582765861,Home in Temple City · ★5.0 · 1 bedroom · 1 bed · 1.5 baths,475060587,$77.00,1,365,348
286,286,720603934736154737,Condo in Long Beach · ★4.86 · Studio · 1 bed · 1 bath,52901870,$138.00,1,60,40
287,287,677356643722270829,Home in Signal Hill · ★4.97 · 2 bedrooms · 4 beds · 1 bath,49270200,$246.00,2,29,165
288,288,11526899,Rental unit in Los Angeles · ★4.71 · 1 bedroom · 3 beds · 1 bath,16572765,$279.00,30,1124,365
289,289,53956883,Rental unit in Los Angeles · ★4.82 · 1 bedroom · 1 bed · 2 baths,34556090,$114.00,5,120,15
290,290,846004725835967205,Rental unit in Arcadia · 1 bedroom · 3 beds · 1 private bath,97496339,$90.00,28,365,357
291,291,849246684227618757,Home in Alhambra · ★4.78 · 4 bedrooms · 5 beds · 3 baths,463474861,$262.00,2,365,136
292,292,954718950317111993,Rental unit in Los Angeles · ★New · 1 bedroom · 1 bed · 1 bath,383281375,"$1,200.00",30,365,216
293,293,948445344198554187,Home in Culver City · ★New · 5 bedrooms · 10 beds · 2 baths,10161596,$350.00,30,90,365
294,294,45128701,Home in Los Angeles · 1 bedroom · 2 beds · 1 shared bath,230046119,$60.00,30,1125,246
295,295,53595143,Home in Beverly Hills · ★4.98 · 3 bedrooms · 3 beds · 3 baths,434029494,$432.00,2,90,227
296,296,48890194,Guest suite in Los Angeles · ★5.0 · 1 bedroom · 1 bed · 1 bath,61679385,$168.00,2,1125,196
297,297,50621965,Home in Pasadena · ★4.71 · 2 bedrooms · 2 beds · 2 baths,259441045,$119.00,1,25,153
298,298,872743116554362584,Home in Burbank · ★4.90 · 1 bedroom · 1 bed · 1 bath,17301719,$230.00,1,365,338
299,299,862969265787511268,Rental unit in Los Angeles · 1 bedroom · 1 bed · 1 bath,107434423,$197.00,31,1125,350
300,300,52360746,Rental unit in Long Beach · Studio · 1 bed · 1 bath,107434423,$148.00,31,1125,314
301,301,49172530,Place to stay in Topanga · ★4.85 · 1 bedroom · 2 beds · 1 bath,7574629,$169.00,2,1125,318
302,302,939959427663559777,Home in Los Angeles · ★New · 3 bedrooms · 7 beds · 2.5 baths,444510936,$500.00,30,60,180
303,303,702336176890865135,Townhouse in Alhambra · 1 bedroom · 2 beds · 1 private bath,480053,$60.00,1,365,63
304,304,684151481525227808,Home in Pasadena · ★4.95 · 3 bedrooms · 3 beds · 2 baths,156855290,$273.00,2,30,363
305,305,26530639,Townhouse in Redondo Beach · 1 bedroom · 1 bed · 1 private bath,7044596,$169.00,30,75,358
306,306,39030336,Boutique hotel in Santa Monica · 1 bedroom · 1 bed · 1 private bath,298417951,$511.00,1,28,355
307,307,657934589941961665,Condo in Santa Monica · ★5.0 · 2 bedrooms · 2 beds · 2 baths,63797228,$250.00,30,1125,145
308,308,15148130,Rental unit in Los Angeles · 2 bedrooms · 3 beds · 2 baths,90563632,$384.00,30,1125,365
309,309,665916514120823137,Villa in Los Angeles · ★4.93 · 5 bedrooms · 5 beds · 5.5 baths,422914353,$533.00,2,60,264
310,310,6729222,Home in Los Angeles · ★4.86 · 1 bedroom · 1 bed · 1 bath,11581913,$197.00,2,28,335
311,311,841030371067476443,Rental unit in Pasadena · 2 bedrooms · 2 beds · 2 baths,23722312,$190.00,30,180,37
312,312,32897812,Condo in Alhambra · ★4.98 · 1 bedroom · 1 bed · 1 shared bath,4592478,$65.00,1,60,142
313,313,15632622,Home in Los Angeles · ★4.88 · 1 bedroom · 1 bed · 1 shared bath,100799215,$90.00,2,28,333
314,314,690287000423493629,Rental unit in Pasadena · 1 bedroom · 1 bed · 1 bath,107434423,$215.00,31,1125,326
315,315,34664419,Rental unit in Monterey Park · ★4.25 · 2 bedrooms · 3 beds · 2 baths,183748799,$344.00,2,1125,365
316,316,5014683,Home in Los Angeles · ★4.84 · 1 bedroom · 1 bed · 1 shared bath,14649261,$130.00,30,1125,147
317,317,883160526110712022,Home in Los Angeles · 5 bedrooms · 5 beds · 7 baths,72933825,"$1,435.00",2,365,179
318,318,3323232,Home in Los Angeles · ★4.86 · 1 bedroom · 1 bed · 1 private bath,277669,$75.00,31,120,127
319,319,46734825,Rental unit in Rowland Heights · ★4.44 · 2 bedrooms · 2 beds · 2 baths,98574255,$126.00,15,28,35
320,320,877910626565339982,Home in Pasadena · 2 bedrooms · 2 beds · 1 shared bath,511815270,$236.00,1,1125,364
321,321,14128537,Home in Lennox · ★4.88 · 2 bedrooms · 2 beds · 1 bath,9668663,$142.00,1,100,147
322,322,50572998,Villa in Beverly Hills · ★4.60 · 5 bedrooms · 5 beds · 4.5 baths,23458477,"$3,909.00",3,356,350
323,323,27472620,Home in Los Angeles · ★5.0 · 3 bedrooms · 3 beds · 2 baths,29990558,$411.00,7,60,144
324,324,805212770914195357,Home in Rosemead · ★4.88 · 2 bedrooms · 3 beds · 2 baths,98647265,$115.00,1,365,150
325,325,811040535791990993,Home in Manhattan Beach · 4 bedrooms · 6 beds · 2 baths,85765495,$587.00,30,365,365
326,326,886979091693605872,Home in Los Angeles · 3 bedrooms · 4 beds · 2 baths,58502661,$240.00,30,1125,365
327,327,892786795088424795,Home in Long Beach · 2 bedrooms · 5 beds · 1 bath,435012452,$95.00,31,365,316
328,328,15295107,Townhouse in Manhattan Beach · ★4.90 · 3 bedrooms · 3 beds · 3.5 baths,24913108,$350.00,30,1125,201
329,329,797094538993542081,Rental unit in Los Angeles · 1 bedroom · 1 bed · 1 bath,13712362,$75.00,30,365,350
330,330,801136411091531981,Villa in Los Angeles · ★4.96 · 6 bedrooms · 7 beds · 3 baths,3966833,$467.00,2,1125,309
331,331,917671163357941746,Home in Los Angeles · 1 bedroom · 2 beds · 1 private bath,159628778,$65.00,30,365,365
332,332,46608228,Guest suite in Alhambra · ★4.77 · 2 bedrooms · 2 beds · 2 baths,29294575,$176.00,1,28,141
333,333,799352220576536819,Home in Topanga · ★4.91 · 1 bedroom · 1 bed · 1 bath,94618664,$188.00,2,12,347
334,334,47969088,Home in Long Beach · ★4.60 · 1 bedroom · 2 beds · 1 bath,320294894,$229.00,31,365,319
335,335,611661027923294001,Rental unit in Beverly Hills · ★5.0 · 1 bedroom · 1 bed · 1 shared bath,3298804,$156.00,2,365,87
336,336,863140458331581553,Townhouse in Culver City · ★4.75 · 4 bedrooms · 4 beds · 4.5 baths,8595758,$213.00,1,28,363
337,337,728907594753313475,Home in Pasadena · ★4.79 · 2 bedrooms · 3 beds · 1.5 baths,10165009,$187.00,1,1125,361
338,338,4589154,Condo in Long Beach · ★4.88 · 1 bedroom · 1 bed · 1 bath,7512943,$149.00,31,1125,340
339,339,26467585,Townhouse in Los Angeles · ★5.0 · 2 bedrooms · 3 beds · 1 bath,5437602,$184.00,30,185,121
340,340,46569587,Home in Los Angeles · ★5.0 · 4 bedrooms · 4 beds · 4.5 baths,72933825,"$2,387.00",30,365,151
341,341,969878281890750203,Home in San Gabriel · ★New · 1 bedroom · 1 bed · 1 private bath,426946658,$65.00,1,365,26
342,342,37027641,Cottage in Los Angeles · ★4.83 · 2 bedrooms · 5 beds · 1 bath,74386873,$160.00,3,28,218
343,343,6706330,Home in Santa Monica · 2 bedrooms · 1 bed · 1 shared bath,1550927,$65.00,180,365,365
344,344,853647239198100247,Home in Los Angeles · 3 bedrooms · 2 beds · 2 baths,55859471,$199.00,30,60,337
345,345,13450669,Rental unit in Burbank · ★4.78 · 1 bedroom · 1 bed · 1 shared bath,76815245,$110.00,1,14,178
346,346,970273582588948687,Home in Los Angeles · ★New · 1 bedroom · 2 beds · 3 shared baths,533136918,$71.00,30,365,270
347,347,54283187,Villa in Rowland Heights · ★4.72 · 1 bedroom · 1 bed · 1 private bath,440237253,$35.00,30,180,90
348,348,714477516394009845,Guesthouse in Los Angeles · ★5.0 · Studio · 1 bed · 1 bath,479235306,$200.00,30,365,365
349,349,761686768381073200,Home in Hermosa Beach · ★5.0 · 1 bedroom · 1 bed · 1 shared bath,1821789,$65.00,30,365,250
350,350,954811054738139493,Rental unit in Los Angeles · ★New · 1 bedroom · 1 bed · 1 bath,383281375,"$1,200.00",30,365,216
351,351,939518425666605500,Rental unit in Los Angeles · ★New · 1 bedroom · 1 bed · 1 bath,423956351,$50.00,30,365,365
352,352,34689504,Home in Los Angeles · 2 bedrooms · 4 beds · 1 bath,15811249,$255.00,30,90,173
353,353,12123810,Home in Sherman Oaks · ★5.0 · 3 bedrooms · 4 beds · 2 baths,14488107,$220.00,30,1125,179
354,354,736288994826105645,Home in Los Angeles · ★4.91 · 5 bedrooms · 5 beds · 4 baths,24303784,$944.00,1,365,360
355,355,901551304229174010,Rental unit in Beverly Hills · ★3.20 · 1 bedroom · 2 beds · 1 bath,171180364,$149.00,1,365,342
356,356,886520680085841880,Condo in Los Angeles · 1 bedroom · 1 bed · 1 bath,62352226,$101.00,30,365,258
357,357,12385682,Home in Santa Monica · ★5.0 · 1 bedroom · 1 bed · 1 bath,66955122,$120.00,30,365,332
358,358,7652640,Home in Los Angeles · ★4.74 · 1 bedroom · 1 bed · 1 private bath,32170653,$44.00,30,1125,142
359,359,940655174461916276,Home in Culver City · ★New · 4 bedrooms · 4 beds · 3 baths,55656242,$425.00,2,365,132
360,360,791964492466396293,Rental unit in West Hollywood · 1 bedroom · 1 bed · 1.5 baths,298013329,$155.00,30,365,90
361,361,686348,Rental unit in Los Angeles · ★4.81 · 1 bedroom · 1 bed · 1 shared bath,2315535,$50.00,30,45,308
362,362,919566445398282184,Rental unit in Los Angeles · 1 bedroom · 1 bed · 1 private bath,38189462,$57.00,30,365,49
363,363,880111968533940779,Home in Rowland Heights · ★4.80 · 1 bedroom · 2 beds · 1 private bath,25923001,$59.00,1,365,350
364,364,738452471877325469,Home in Los Angeles · 1 bedroom · 1 bed · 1 private bath,350851315,$54.00,30,365,313
365,365,43045392,Rental unit in Los Angeles · Studio · 1 bed · 1 bath,4817301,$70.00,30,1125,230
366,366,5550953,Rental unit in Long Beach · ★4.85 · 1 bedroom · 1 bed · 1 bath,12761355,$99.00,31,1125,315
367,367,40534963,Boutique hotel in Santa Monica · 1 bedroom · 1 bed · 1 private bath,298417951,$590.00,1,28,334
368,368,781875260038733455,Rental unit in Marina del Rey · 1 bedroom · 1 bed · 1 bath,491440032,$164.00,30,365,32
369,369,779425719600130865,Rental unit in West Hollywood · ★4.79 · 2 bedrooms · 2 beds · 2 baths,84182835,$252.00,3,1125,35
370,370,874709747092757473,Home in Los Angeles · 2 bedrooms · 3 beds · 1 bath,25203459,$160.00,30,60,365
371,371,20150262,Guest suite in Los Angeles · ★4.98 · 1 bedroom · 1 bed · 1 bath,27817104,$197.00,3,1125,49
372,372,336043,Home in Los Angeles · ★4.57 · 2 bedrooms · 4 beds · 1 bath,675083,$191.00,30,365,197
373,373,880030469981600009,Rental unit in Los Angeles · 1 bedroom · 1 bed · 1 private bath,450309096,$45.00,31,40,157
374,374,736243269167317464,Home in View Park-Windsor Hills · ★4.97 · 2 bedrooms · 4 beds · 1 bath,483332760,$233.00,2,1125,167
375,375,559455033591446898,Home in Los Angeles · ★5.0 · 3 bedrooms · 7 beds · 2.5 baths,444510936,"$2,500.00",2,90,341
376,376,23613456,Condo in Los Angeles · ★4.82 · 1 bedroom · 1 bed · 1.5 baths,54728323,$98.00,79,366,358
377,377,741964824218862818,Home in Los Angeles · ★4.94 · 4 bedrooms · 4 beds · 2.5 baths,410194448,$262.00,2,365,262
378,378,52374609,Home in Los Angeles · 5 bedrooms · 5 beds · 6 baths,185224377,"$1,019.00",30,1125,363
379,379,21228458,Rental unit in Los Angeles · ★4.98 · 2 bedrooms · 2 beds · 2 baths,29888327,$200.00,30,90,0
380,380,35322992,Home in Los Angeles · ★4.99 · 2 bedrooms · 2 beds · 2 baths,131402171,$391.00,4,1125,129
381,381,50303938,Rental unit in Los Angeles · ★4.50 · Studio · 2 beds · 1 bath,50415409,$90.00,31,61,88
382,382,9607093,Rental unit in Los Angeles · ★4.95 · 1 bedroom · 1 bed · 1 bath,6641790,$150.00,30,120,98
383,383,927564026772120395,Guesthouse in Los Angeles · ★5.0 · Studio · 1 bed · 1 bath,523515366,$130.00,3,29,111
384,384,22000175,Rental unit in Los Angeles · 1 bedroom · 1 bed · 1 private bath,152416865,$50.00,30,30,0
385,385,328989,Home in Los Angeles · ★4.33 · 2 bedrooms · 2 beds · 2 baths,429011,$308.00,30,1125,89
386,386,855829914075516437,Home in Santa Monica · ★4.91 · 1 bedroom · 3 beds · 1 bath,507181362,$184.00,1,28,134
387,387,1141298,Condo in Marina del Rey · ★4.85 · 1 bedroom · 2 beds · 1 bath,6258733,$160.00,30,1125,266
388,388,558803265316621787,Rental unit in Los Angeles · ★5.0 · 1 bedroom · 1 bed · 1 bath,94688631,$145.00,30,90,53
389,389,906741069099085238,Hotel in Beverly Hills · 1 bedroom · 1 bed · 2 baths,326084746,"$1,967.00",1,28,119
390,390,45937588,Home in Los Angeles · ★5.0 · 1 bedroom · 1 bed · 1 private bath,92251416,$95.00,1,1125,250
391,391,769587157330976424,Rental unit in Culver City · ★5.0 · 1 bedroom · 1 bed · 1 bath,488263279,$185.00,2,27,167
392,392,618130892841845391,Home in La Crescenta-Montrose · ★4.83 · 1 bedroom · 2 beds · 1 bath,254573871,$179.00,3,1125,153
393,393,40873850,Guesthouse in Los Angeles · 1 bedroom · 2 beds · 1 bath,229612969,$106.00,30,1125,365
394,394,772485576736325288,Home in Los Angeles · 5 bedrooms · 1 bed · 6.5 baths,23458477,"$1,500.00",3,315,277
395,395,45143867,Rental unit in Los Angeles · Studio · 2 beds · 1 bath,171180364,$149.00,30,1125,365
396,396,564393559253578301,Home in Rowland Heights · 1 bedroom · 1 bed · 1 shared bath,173554583,$25.00,7,30,0
397,397,681960406279119350,Rental unit in Los Angeles · Studio · 1 bed · 1 bath,470986265,$62.00,30,365,354
398,398,18820640,Home in Culver City · ★5.0 · 2 bedrooms · 3 beds · 2 baths,3116353,$250.00,3,1125,0
399,399,3862188,Home in Woodland Hills · ★4.78 · 2 bedrooms · 3 beds · 3 baths,16208978,$399.00,2,14,363
400,400,47311184,Guesthouse in Los Angeles · ★4.91 · 1 bedroom · 1 bed · 1 bath,76404121,$159.00,31,1125,329
401,401,791152536597456597,Rental unit in Los Angeles · 1 bedroom · 2 beds · 1 bath,33249323,$85.00,31,40,337
402,402,684180314564710981,Rental unit in Glendale · ★4.75 · 1 bedroom · 1 bed · 1 bath,24709144,$143.00,3,365,354
403,403,18996301,Home in Los Angeles · ★4.67 · 1 bedroom · 1 bed · 2 shared baths,43226028,$29.00,30,1125,16
404,404,45895820,Home in Los Angeles · ★5.0 · 5 bedrooms · 6 beds · 4 baths,171180364,$493.00,30,1125,314
405,405,802837446439825903,Home in Los Angeles · ★5.0 · 4 bedrooms · 4 beds · 3.5 baths,118616245,$505.00,2,28,336
406,406,930655760870774979,Rental unit in Los Angeles · ★New · 1 bedroom · 1 bed · 1 bath,6246526,$70.00,31,93,89
407,407,22068835,Guesthouse in Beverly Hills · Studio · 1 bed · 1 private bath,4080905,$199.00,30,1125,0
408,408,650836783545996916,Home in Los Angeles · ★4.61 · 2 bedrooms · 2 beds · 2 baths,464627593,$204.00,2,29,192
409,409,41889478,Rental unit in Santa Monica · 1 bedroom · 1 bed · 1 bath,11351063,$165.00,31,1125,364
410,410,51028125,Home in Los Angeles · 3 bedrooms · 3 beds · 2 baths,11351063,$300.00,31,1125,246
411,411,572544904117660430,Bed and breakfast in Los Angeles · ★4.89 · 1 bedroom · 1 bed · 1.5 baths,70837270,$109.00,30,56,0
412,412,41266176,Rental unit in Los Angeles · ★4.78 · 2 bedrooms · 2 beds · 2 baths,101537031,$226.00,31,1125,73
413,413,20029912,Rental unit in Los Angeles · ★4.50 · Studio · 1 bed · 1 bath,101537031,$93.00,31,1125,73
414,414,608695043032202572,Home in Los Angeles · ★5.0 · 4 bedrooms · 4 beds · 2 baths,79090892,$193.00,30,730,362
415,415,6853259,Rental unit in Los Angeles · 1 bedroom · 1 bed · 1 bath,35911725,$115.00,30,62,0
416,416,19597634,Home in Los Angeles · ★4.60 · 1 bedroom · 1 bed · 1.5 shared baths,137783803,$45.00,30,1125,0
417,417,24870148,Home in Los Angeles · ★4.94 · 4 bedrooms · 6 beds · 3.5 baths,5927634,$746.00,4,90,259
418,418,49854336,Home in Los Angeles · 3 bedrooms · 2 beds · 3 baths,129452864,$532.00,30,30,179
419,419,623887721423783672,Home in Los Angeles · ★5.0 · 2 bedrooms · 2 beds · 3 baths,70084969,$750.00,30,90,365
420,420,965971707418960867,Rental unit in Los Angeles · ★New · 1 bedroom · 1 bed · 1 bath,533857274,$88.00,30,60,268
421,421,44539004,Rental unit in Los Angeles · ★4.0 · Studio · 1 bed · 1 bath,101537031,$145.00,31,1125,60
422,422,41717999,Rental unit in Los Angeles · Studio · 1 bath,329194698,$145.00,30,1125,89
423,423,567404989265373308,Tiny home in Torrance · ★5.0 · 1 bedroom · 2 beds · 1 bath,139761327,$160.00,30,124,323
424,424,51885986,Rental unit in Los Angeles · ★5.0 · 1 bedroom · 1 bed · 1 private bath,5993110,$65.00,30,365,335
425,425,33995200,Tent in Arcadia · 1 bedroom · 0 shared baths,225172481,$50.00,7,11,0
426,426,933933057141404227,Home in Los Angeles · ★New · 1 bedroom · 1 bed · 1 shared bath,338909799,$69.00,2,365,357
427,427,54268493,Condo in West Hollywood · ★5.0 · 2 bedrooms · 2 beds · 2 baths,60403698,$420.00,30,90,309
428,428,21540195,Home in Van Nuys  · 1 bedroom · 1 bed · 1 private bath,113155277,$39.00,30,1125,0
429,429,696084205777266835,Rental unit in Los Angeles · 1 bedroom · 1 bed · 1 bath,107434423,$158.00,31,1125,93
430,430,4173023,Rental unit in Los Angeles · ★4.97 · 1 bedroom · 2 beds · 1 bath,5886918,$136.00,31,1125,364
431,431,20178378,Rental unit in Los Angeles · ★4.86 · 2 bedrooms · 2 beds · 2 baths,43831951,$289.00,30,1125,0
432,432,610016726072536091,Rental unit in Hawthorne · 1 bedroom · 2 beds · 1 bath,126644161,$80.00,30,1125,341
433,433,27936414,Townhouse in Los Angeles · ★4.93 · 1 bedroom · 1 bed · 2 shared baths,1647617,$59.00,30,1125,293
434,434,29103562,Rental unit in Santa Monica · ★4.62 · 1 bedroom · 1 bed · 1 bath,891818,$116.00,31,1125,179
435,435,955110219685833928,Rental unit in West Hollywood · ★New · 2 bedrooms · 2 beds · 2 baths,405121639,$240.00,1,365,267
436,436,805781916451960630,Rental unit in Los Angeles · 1 bedroom · 1 bed · 1 shared bath,263524662,$76.00,30,365,46
437,437,660968107547329276,Condo in San Gabriel · 1 bedroom · 1 bed · 1 private bath,24768974,$60.00,1,365,0
438,438,898650606549486635,Rental unit in Santa Monica · ★4.33 · 1 bedroom · 1 bed · 1 bath,441153092,$151.00,30,365,266
439,439,45116281,Home in Malibu · 6 bedrooms · 6 beds · 4 baths,71030757,$991.00,30,1125,365
440,440,661033224472878835,Home in Los Angeles · ★4.92 · 3 bedrooms · 5 beds · 2 baths,232930661,$541.00,2,28,113
441,441,959950351512841899,Home in Palmdale · ★New · 1 bedroom · 1 bed · 1 shared bath,12568111,$51.00,1,365,269
442,442,720268738480387580,Loft in Los Angeles · 1 bedroom · 1 bed · 1 bath,473182787,$104.00,30,1125,365
443,443,31055641,Condo in West Hollywood · ★4.67 · 1 bedroom · 1 bed · 1 private bath,231980577,$78.00,1,10,0
444,444,780728414350064032,Home in Los Angeles · ★4.33 · 2 bedrooms · 2 beds · 2 baths,25527555,$280.00,2,1125,171
445,445,830771803683486095,Rental unit in Los Angeles · 2 bedrooms · 3 beds · 2 baths,259252155,$429.00,3,365,358
446,446,4033585,Rental unit in Los Angeles · 1 bedroom · 1 bed · 1 shared bath,20913059,$39.00,30,1125,0
447,447,608187901613095149,Rental unit in Marina del Rey · ★4.14 · 1 bedroom · 1 bed · 1 bath,347271195,$303.00,2,365,268
448,448,956061785422888506,Rental unit in Marina del Rey · ★New · 2 bedrooms · 3 beds · 2 baths,531184870,$456.00,2,365,270
449,449,24851509,Loft in Los Angeles · Studio · 1 bed · 1 bath,86340687,$100.00,30,1125,0
450,450,45483221,Guesthouse in Los Angeles · Studio · 1 bed · 1 bath,100428075,$100.00,30,1125,365
451,451,843529220018187402,Rental unit in Los Angeles · 2 bedrooms · 2 beds · 1 bath,504528690,$135.00,30,365,364
452,452,639355527950293034,Serviced apartment in West Hollywood · 1 bedroom · 1 bed · 2 baths,1150286,$290.00,14,21,0
453,453,940710669105202300,Rental unit in Beverly Hills · ★4.75 · 1 bedroom · 2 beds · 1 bath,435079990,$207.00,2,365,323
454,454,945701805817688300,Tiny home in West Hollywood · ★New · 1 bedroom · 1 bed · 1 bath,3611212,$103.00,31,365,89
455,455,33853763,Rental unit in Marina del Rey · ★4.60 · 3 bedrooms · 3 beds · 2 baths,210321294,$353.00,2,365,70
456,456,7009532,Bungalow in Los Angeles · ★4.47 · 1 bedroom · 1 bed · 1 bath,5349150,$75.00,30,1125,0
457,457,41286370,Rental unit in Los Angeles · ★5.0 · 2 bedrooms · 2 beds · 2 baths,264159955,$250.00,30,1125,180
458,458,26078075,Rental unit in Los Angeles · ★4.87 · 1 bedroom · 1 bed · 1 bath,60414489,$89.00,30,1125,338
459,459,721015016886700162,Home in Rosemead · ★4.94 · 2 bedrooms · 3 beds · 2 baths,471170732,$157.00,2,28,0
460,460,52491554,Home in Lancaster · ★4.93 · 4 bedrooms · 5 beds · 2 baths,22341861,$300.00,28,90,144
461,461,709386638942035883,Rental unit in Los Angeles · 1 bedroom · 1 bed · 1 private bath,478278374,$60.00,30,1125,0
462,462,13328138,Home in Los Angeles · 3 bedrooms · 3 beds · 2.5 baths,75413038,$80.00,30,90,0
463,463,27426266,Villa in Los Angeles · 1 bedroom · 1 bed · 1 shared bath,205783882,$49.00,30,1125,0
464,464,19291723,Rental unit in Los Angeles · 1 bedroom · 1 bed · 1 bath,50346377,$65.00,30,1125,0
465,465,22684501,Rental unit in Pomona · 2 bedrooms · 2 beds · 2 baths,165639248,$340.00,1,3,0
466,466,26367497,Guesthouse in Downey · ★4.85 · 1 bedroom · 1 bed · 1 bath,55733059,$63.00,1,6,0
467,467,26337661,Rental unit in Los Angeles · ★5.0 · 1 bedroom · 2 beds · 1 bath,67235996,$130.00,30,1125,0
468,468,9617574,Townhouse in Los Angeles · 1 bedroom · 1 bed · 1.5 baths,49758708,$80.00,30,600,0
469,469,28277402,Home in Los Angeles · 1 bedroom · 1 bed · 1 private bath,213003764,$50.00,30,1125,0
470,470,23580221,Home in Los Angeles · 1 bedroom · 1 bed · 1.5 shared baths,173872233,$30.00,30,1125,0
471,471,26901785,Rental unit in Beverly Hills · 2 bedrooms · 2 beds · 2 baths,16426450,$265.00,3,62,0
472,472,10681598,Farm stay in Sylmar · ★4.88 · 3 bedrooms · 3 beds · 2 baths,55177453,$168.00,30,1125,89
473,473,36977927,Home in Alhambra · 1 bedroom · 1 bed · 1 private bath,278008181,$80.00,6,266,0
474,474,31546207,Home in Los Angeles · 1 bedroom · 1 bed · 1 bath,231885068,$307.00,30,1125,0
475,475,49109803,Boutique hotel in Beverly Hills · Studio · 2 beds · 1 private bath,345121555,$552.00,1,28,0
476,476,36771006,Home in Beverly Hills · 3 bedrooms · 7 beds · 3 baths,276401052,"$2,500.00",3,80,0
477,477,39834007,Home in Hawthorne · ★4.83 · 1 bedroom · 1 bed · 1 private bath,232523429,$65.00,1,1125,0
478,478,669878892654192323,Rental unit in Monterey Park · 1 bedroom · 1 bed · 1 shared bath,466652688,$58.00,2,365,0
479,479,47097738,Rental unit in Los Angeles · 1 bedroom · 1 bed · 1 shared bath,350228821,$70.00,30,365,0
480,480,5346095,Guesthouse in Glendale · ★4.99 · Studio · 1 bed · 1 bath,1119529,$156.00,2,60,364
481,481,954413429814867095,Rental unit in Los Angeles · ★New · 2 bedrooms · 2 beds · 2 baths,383281375,"$1,100.00",30,365,175
482,482,53060191,Rental unit in Los Angeles · 1 bedroom · 1 bed · 1 bath,107434423,$175.00,31,1125,349
483,483,954432211113151969,Rental unit in Los Angeles · ★New · Studio · 1 bed · 1 bath,383281375,$720.00,30,365,194
484,484,52538879,Guesthouse in South Gate · ★4.84 · 2 bedrooms · 5 beds · 2 baths,425250052,$212.00,1,28,272
485,485,742000653426947302,Home in Carson · 1 bedroom · 1 bed · 1 private bath,186951642,$155.00,1,1125,179
486,486,922093501800852045,Home in Vernon · 1 bedroom · 1 bed · 1 bath,390414536,$80.00,1,365,365
487,487,917931514964114405,Home in La Puente · 1 bedroom · 1 bed · 1 bath,278359088,$100.00,1,365,364
488,488,846522064930717082,Hotel in Hermosa Beach · ★4.40 · 1 bedroom · 1 bed · 1 shared bath,105630569,$138.00,1,365,286
489,489,50944316,Guesthouse in El Monte · ★4.98 · 1 bedroom · 2 beds · 1 bath,132706771,$99.00,3,1125,69
490,490,853843096922552518,Home in Topanga · ★4.83 · 3 bedrooms · 3 beds · 3 baths,4235108,$495.00,2,365,252
491,491,776935696588218677,Rental unit in Los Angeles · 1 bedroom · 1 bed · 1 shared bath,221242859,$95.00,30,365,365
492,492,50884494,Serviced apartment in Culver City · 1 bedroom · 1 bed · 1 bath,48005494,$160.00,30,731,210
493,493,921544536276670143,Rental unit in Los Angeles · Studio · 1 bed · 1 bath,298013329,$134.00,1,365,72
494,494,35069890,Bungalow in Temple City · 1 bedroom · 1 bed · 1 shared bath,231475130,$65.00,28,1125,108
495,495,52593370,Townhouse in Arcadia · ★4.75 · 1 bedroom · 1 bed · 1.5 shared baths,441255156,$52.00,15,280,168
496,496,10597415,Home in Burbank · 1 bedroom · 3 beds · 2 baths,54682809,$150.00,30,1125,0
497,497,19737324,Condo in Alhambra · ★4.85 · 3 bedrooms · 6 beds · 2 baths,23524402,$171.00,3,28,172
498,498,575456874456723960,Condo in Los Angeles · ★5.0 · 1 bedroom · 1 bed · 1 bath,35259467,$150.00,30,1125,136
499,499,27226242,Rental unit in Los Angeles · Studio · 1 bed · 1 shared bath,205034974,$140.00,30,1125,0
